'perfect' necklace, Members,0,0,0,0,0,0,0,0,0,0,0,0,0%,0,0.01
10th squad sigil, Members,0,0,0,0,0,0,0,0,0,0,0,0,0%,0,0.085
3rd age amulet, Members,0,0,0,15,0,0,0,0,10,0,0,0,0%,0,0.003
Amulet of accuracy, Free-to-play,4,4,4,4,4,0,0,0,0,0,0,0,0%,0,0.01
Amulet of avarice, Members,10,10,10,10,10,3,3,3,3,3,6,0,0%,3,0.01
Amulet of blood fury, Members,10,10,10,10,10,15,15,15,15,15,8,0,0%,5,0.02
Amulet of bounty, Members,0,0,0,0,0,0,0,0,0,0,0,0,0%,0,0.007
Amulet of chemistry, Members,0,0,0,0,0,0,0,0,0,0,0,0,0%,0,0.007
Amulet of defence, Free-to-play,0,0,0,0,0,7,7,7,7,7,0,0,0%,0,0.01
Amulet of defence (t), Free-to-play,0,0,0,0,0,7,7,7,7,7,0,0,0%,0,0.01
Amulet of eternal glory, Members,10,10,10,10,10,3,3,3,3,3,6,0,0%,3,0.01
Amulet of fury, Members,10,10,10,10,10,15,15,15,15,15,8,0,0%,5,0.01
Amulet of fury (or), Members,10,10,10,10,10,15,15,15,15,15,8,0,0%,5,0.01
Amulet of glory (t)#(t1), Members,10,10,10,10,10,3,3,3,3,3,6,0,0%,3,0.01
Amulet of glory (t)#(t2), Members,10,10,10,10,10,3,3,3,3,3,6,0,0%,3,0.01
Amulet of glory (t)#(t3), Members,10,10,10,10,10,3,3,3,3,3,6,0,0%,3,0.01
Amulet of glory (t)#(t4), Members,10,10,10,10,10,3,3,3,3,3,6,0,0%,3,0.01
Amulet of glory (t)#(t5), Members,10,10,10,10,10,3,3,3,3,3,6,0,0%,3,0.01
Amulet of glory (t)#(t6), Members,10,10,10,10,10,3,3,3,3,3,6,0,0%,3,0.01
Amulet of glory (t)#Uncharged, Members,10,10,10,10,10,3,3,3,3,3,6,0,0%,3,0.01
Amulet of glory#(1), Members,10,10,10,10,10,3,3,3,3,3,6,0,0%,3,0.01
Amulet of glory#(2), Members,10,10,10,10,10,3,3,3,3,3,6,0,0%,3,0.01
Amulet of glory#(3), Members,10,10,10,10,10,3,3,3,3,3,6,0,0%,3,0.01
Amulet of glory#(4), Members,10,10,10,10,10,3,3,3,3,3,6,0,0%,3,0.01
Amulet of glory#(5), Members,10,10,10,10,10,3,3,3,3,3,6,0,0%,3,0.01
Amulet of glory#(6), Members,10,10,10,10,10,3,3,3,3,3,6,0,0%,3,0.01
Amulet of glory#Uncharged, Members,10,10,10,10,10,3,3,3,3,3,6,0,0%,3,0.01
Amulet of magic, Free-to-play,0,0,0,10,0,0,0,0,0,0,0,0,0%,0,0.01
Amulet of magic (t), Free-to-play,0,0,0,10,0,0,0,0,0,0,0,0,0%,0,0.01
Amulet of nature, Members,0,0,0,0,0,0,0,0,0,0,0,0,0%,0,0.007
Amulet of power, Free-to-play,6,6,6,6,6,6,6,6,6,6,6,0,0%,1,0.01
Amulet of power (t), Free-to-play,6,6,6,6,6,6,6,6,6,6,6,0,0%,1,0.01
Amulet of strength, Free-to-play,0,0,0,0,0,0,0,0,0,0,10,0,0%,0,0.01
Amulet of the damned#Full, Members,10,10,10,10,10,3,3,3,3,3,6,0,0%,3,0.1
Amulet of the damned#Used, Members,10,10,10,10,10,3,3,3,3,3,6,0,0%,3,0.1
Amulet of torture, Members,15,15,15,0,0,0,0,0,0,0,10,0,0%,2,0.01
Amulet of torture (or), Members,15,15,15,0,0,0,0,0,0,0,10,0,0%,2,0.01
Ancient stole, Members,0,0,0,2,0,0,0,0,2,0,0,0,0%,10,0.002
Arceuus scarf, Members,0,0,0,0,0,0,0,0,0,0,0,0,0%,0,0.5
Armadyl pendant, Members,0,0,0,0,0,0,0,0,0,0,0,0,0%,0,0.01
Armadyl stole, Members,0,0,0,2,0,0,0,0,2,0,0,0,0%,10,0.01
Bandos stole, Members,0,0,0,2,0,0,0,0,2,0,0,0,0%,10,0.01
Beads of the dead, Members,1,1,1,1,1,1,1,1,1,1,1,0,0%,1,0.01
Berserker necklace, Members,-10,-10,-10,0,0,-20,-20,-20,-20,-20,7,0,0%,3,0.01
Berserker necklace (or), Members,-10,-10,-10,0,0,-20,-20,-20,-20,-20,7,0,0%,3,0.01
Binding necklace, Members,0,0,0,0,0,0,0,0,0,0,0,0,0%,0,0.01
Bobble scarf, Free-to-play,0,0,0,0,0,0,0,0,0,0,0,0,0%,0,0.25
Bonecrusher necklace, Members,0,0,0,0,0,0,0,0,0,0,0,0,0%,12,0.025
Brass necklace, Free-to-play,0,0,0,0,0,0,0,0,0,0,0,0,0%,0,0.01
Burning amulet#(1), Members,0,0,0,0,0,0,0,0,0,0,0,0,0%,0,0.007
Burning amulet#(2), Members,0,0,0,0,0,0,0,0,0,0,0,0,0%,0,0.007
Burning amulet#(3), Members,0,0,0,0,0,0,0,0,0,0,0,0,0%,0,0.007
Burning amulet#(4), Members,0,0,0,0,0,0,0,0,0,0,0,0,0%,0,0.007
Burning amulet#(5), Members,0,0,0,0,0,0,0,0,0,0,0,0,0%,0,0.007
Camulet, Members,0,0,0,0,0,0,0,0,0,0,0,0,0%,0,0.007
Cat training medal, Members,0,0,0,0,0,0,0,0,0,0,0,0,0%,0,0.01
Catspeak amulet, Members,0,0,0,0,0,0,0,0,0,0,0,0,0%,0,1.36
Catspeak amulet(e), Members,0,0,0,0,0,0,0,0,0,0,0,0,0%,0,1.36
Clean necklace, Members,0,0,0,0,0,0,0,0,0,0,0,0,0%,0,0.01
Clown bow tie, Free-to-play,0,0,0,0,0,0,0,0,0,0,0,0,0%,0,0.1
Crone-made amulet, Members,0,0,0,0,0,0,0,0,0,0,0,0,0%,0,0.01
Crystal pendant, Members,0,0,0,0,0,0,0,0,0,0,0,0,0%,0,0.005
Dark bow tie, Members,0,0,0,0,0,0,0,0,0,0,0,0,0%,0,0.1
Desert amulet 1, Members,0,0,0,0,0,0,0,0,0,0,0,0,0%,0,0.01
Desert amulet 2, Members,0,0,0,0,0,0,0,0,0,0,0,0,0%,0,0.01
Desert amulet 3, Members,0,0,0,0,0,0,0,0,0,0,0,0,0%,0,0.01
Desert amulet 4, Members,0,0,0,0,0,0,0,0,0,0,0,0,0%,0,0.01
Diamond amulet, Free-to-play,0,0,0,0,0,0,0,0,0,0,0,0,0%,0,0.007
Diamond necklace, Free-to-play,0,0,0,0,0,0,0,0,0,0,0,0,0%,0,0.01
Digsite pendant#(1), Members,0,0,0,0,0,0,0,0,0,0,0,0,0%,0,0.01
Digsite pendant#(2), Members,0,0,0,0,0,0,0,0,0,0,0,0,0%,0,0.01
Digsite pendant#(3), Members,0,0,0,0,0,0,0,0,0,0,0,0,0%,0,0.01
Digsite pendant#(4), Members,0,0,0,0,0,0,0,0,0,0,0,0,0%,0,0.01
Digsite pendant#(5), Members,0,0,0,0,0,0,0,0,0,0,0,0,0%,0,0.01
Dodgy necklace, Members,0,0,0,0,0,0,0,0,0,0,0,0,0%,0,0.01
Dragon necklace, Members,0,0,0,0,0,0,0,0,0,0,0,0,0%,0,0.01
Dragonbone necklace, Members,0,0,0,0,0,0,0,0,0,0,0,0,0%,12,0.005
Dragonstone amulet, Members,0,0,0,0,0,0,0,0,0,0,0,0,0%,0,0.007
Drakan's medallion, Members,0,0,0,0,0,0,0,0,0,0,0,0,0%,0,0.01
Emerald amulet, Free-to-play,0,0,0,0,0,0,0,0,0,0,0,0,0%,0,0.007
Emerald necklace, Free-to-play,0,0,0,0,0,0,0,0,0,0,0,0,0%,0,0.01
Games necklace#(1), Members,0,0,0,0,0,0,0,0,0,0,0,0,0%,0,0.01
Games necklace#(2), Members,0,0,0,0,0,0,0,0,0,0,0,0,0%,0,0.01
Games necklace#(3), Members,0,0,0,0,0,0,0,0,0,0,0,0,0%,0,0.01
Games necklace#(4), Members,0,0,0,0,0,0,0,0,0,0,0,0,0%,0,0.01
Games necklace#(5), Members,0,0,0,0,0,0,0,0,0,0,0,0,0%,0,0.01
Games necklace#(6), Members,0,0,0,0,0,0,0,0,0,0,0,0,0%,0,0.01
Games necklace#(7), Members,0,0,0,0,0,0,0,0,0,0,0,0,0%,0,0.01
Games necklace#(8), Members,0,0,0,0,0,0,0,0,0,0,0,0,0%,0,0.01
Ghostspeak amulet#Enchanted, Members,0,0,0,0,0,0,0,0,0,0,0,0,0%,0,0.01
Ghostspeak amulet#Normal, Free-to-play,0,0,0,0,0,0,0,0,0,0,0,0,0%,0,0.01
Glarial's amulet, Members,0,0,0,0,0,0,0,0,0,0,0,0,0%,0,0.01
Gnome amulet, Members,0,0,0,0,0,13,13,13,0,0,0,0,0%,0,0.01
Gnome scarf, Members,0,0,0,0,0,0,0,0,0,0,0,0,0%,0,0.01
Gold amulet, Free-to-play,0,0,0,0,0,0,0,0,0,0,0,0,0%,0,0.007
Gold necklace, Free-to-play,0,0,0,0,0,0,0,0,0,0,0,0,0%,0,0.007
Guthix stole, Members,0,0,0,2,0,0,0,0,2,0,0,0,0%,10,0.01
Hallowed symbol, Members,0,0,0,0,0,0,0,0,0,0,0,0,0%,0,0.007
Ham logo, Members,0,0,0,0,0,0,0,0,0,0,0,0,0%,0,0.01
Hazeel's mark, Members,0,0,0,0,0,0,0,0,0,0,0,0,0%,0,0.012
Holy symbol, Free-to-play,0,0,0,0,0,2,2,2,2,2,0,0,0%,8,0.007
Hosidius scarf, Members,0,0,0,0,0,0,0,0,0,0,0,0,0%,0,0.5
Jade amulet, Members,0,0,0,0,0,0,0,0,0,0,0,0,0%,0,0.007
Jade necklace, Members,0,0,0,0,0,0,0,0,0,0,0,0,0%,0,0.01
Jester scarf, Free-to-play,0,0,0,0,0,0,0,0,0,0,0,0,0%,0,0.25
Lathas' amulet, Members,0,0,0,0,0,0,0,0,0,0,0,0,0%,0,0.01
Light bow tie, Members,0,0,0,0,0,0,0,0,0,0,0,0,0%,0,0.1
Lovakengj scarf, Members,0,0,0,0,0,0,0,0,0,0,0,0,0%,0,0.5
Lunar amulet, Members,0,0,0,1,0,0,0,0,1,0,0,0,0%,0,0.01
M'speak amulet, Members,0,0,0,0,0,0,0,0,0,0,0,0,0%,0,1.36
Necklace of anguish, Members,0,0,0,0,15,0,0,0,0,0,0,5,0%,2,0.01
Necklace of anguish (or), Members,0,0,0,0,15,0,0,0,0,0,0,5,0%,2,0.01
Necklace of faith, Members,0,0,0,0,0,0,0,0,0,0,0,0,0%,0,0.01
Necklace of passage#(1), Members,0,0,0,0,0,0,0,0,0,0,0,0,0%,0,0.01
Necklace of passage#(2), Members,0,0,0,0,0,0,0,0,0,0,0,0,0%,0,0.01
Necklace of passage#(3), Members,0,0,0,0,0,0,0,0,0,0,0,0,0%,0,0.01
Necklace of passage#(4), Members,0,0,0,0,0,0,0,0,0,0,0,0,0%,0,0.01
Necklace of passage#(5), Members,0,0,0,0,0,0,0,0,0,0,0,0,0%,0,0.01
Occult necklace, Members,0,0,0,12,0,0,0,0,0,0,0,0,10%,2,0.005
Occult necklace (or), Members,0,0,0,12,0,0,0,0,0,0,0,0,10%,2,0.005
Onyx amulet, Members,0,0,0,0,0,0,0,0,0,0,0,0,0%,0,0.007
Onyx necklace, Members,0,0,0,0,0,0,0,0,0,0,0,0,0%,0,0.01
Opal amulet, Members,0,0,0,0,0,0,0,0,0,0,0,0,0%,0,0.007
Opal necklace, Members,0,0,0,0,0,0,0,0,0,0,0,0,0%,0,0.01
Pendant of lucien, Members,0,0,0,0,0,0,0,0,0,0,0,0,0%,0,0.01
Phoenix necklace, Members,0,0,0,0,0,0,0,0,0,0,0,0,0%,0,0.01
Piscarilius scarf, Members,0,0,0,0,0,0,0,0,0,0,0,0,0%,0,0.5
Pre-nature amulet, Members,0,0,0,0,0,0,0,0,0,0,0,0,0%,0,0.007
Rainbow scarf, Free-to-play,0,0,0,0,0,0,0,0,0,0,0,0,0%,0,0.01
Ruby amulet, Free-to-play,0,0,0,0,0,0,0,0,0,0,0,0,0%,0,0.007
Ruby necklace, Free-to-play,0,0,0,0,0,0,0,0,0,0,0,0,0%,0,0.01
Salve amulet, Members,0,0,0,0,0,3,3,3,0,0,0,0,0%,3,0.007
Salve amulet (e), Members,0,0,0,0,0,3,3,3,0,0,0,0,0%,3,0.007
Salve amulet(ei), Members,0,0,0,0,0,3,3,3,0,0,0,0,0%,3,0.007
Salve amulet(i), Members,0,0,0,0,0,3,3,3,0,0,0,0,0%,3,0.007
Sapphire amulet, Free-to-play,0,0,0,0,0,0,0,0,0,0,0,0,0%,0,0.007
Sapphire necklace, Free-to-play,0,0,0,0,0,0,0,0,0,0,0,0,0%,0,0.01
Saradomin stole, Members,0,0,0,2,0,0,0,0,2,0,0,0,0%,10,0.01
Seal of passage, Members,0,0,0,0,0,0,0,0,0,0,0,0,0%,0,4.535
Shayzien scarf, Members,0,0,0,0,0,0,0,0,0,0,0,0,0%,0,0.5
Silver necklace#Dusted, Members,0,0,0,0,0,0,0,0,0,0,0,0,0%,0,0.01
Silver necklace#Normal, Members,0,0,0,0,0,0,0,0,0,0,0,0,0%,0,0.01
Skills necklace#(1), Members,0,0,0,0,0,0,0,0,0,0,0,0,0%,0,0.01
Skills necklace#(2), Members,0,0,0,0,0,0,0,0,0,0,0,0,0%,0,0.01
Skills necklace#(3), Members,0,0,0,0,0,0,0,0,0,0,0,0,0%,0,0.01
Skills necklace#(4), Members,0,0,0,0,0,0,0,0,0,0,0,0,0%,0,0.01
Skills necklace#(5), Members,0,0,0,0,0,0,0,0,0,0,0,0,0%,0,0.01
Skills necklace#(6), Members,0,0,0,0,0,0,0,0,0,0,0,0,0%,0,0.01
Skills necklace#Uncharged, Members,0,0,0,0,0,0,0,0,0,0,0,0,0%,0,0.01
Strength amulet (t), Free-to-play,0,0,0,0,0,0,0,0,0,0,10,0,0%,0,0.01
Strung rabbit foot, Members,0,0,0,0,0,0,0,0,0,0,0,0,0%,0,0.03
Topaz amulet, Members,0,0,0,0,0,0,0,0,0,0,0,0,0%,0,0.007
Topaz necklace, Members,0,0,0,0,0,0,0,0,0,0,0,0,0%,0,0.01
Tri-jester scarf, Free-to-play,0,0,0,0,0,0,0,0,0,0,0,0,0%,0,0.25
Unblessed symbol, Free-to-play,0,0,0,0,0,0,0,0,0,0,0,0,0%,0,0.007
Unholy symbol, Members,2,2,2,2,2,0,0,0,0,0,0,0,0%,8,0.007
Unpowered symbol, Members,0,0,0,0,0,0,0,0,0,0,0,0,0%,0,0.007
Void seal#(1), Members,0,0,0,0,0,1,1,1,1,1,0,0,0%,0,0.005
Void seal#(2), Members,0,0,0,0,0,1,1,1,1,1,0,0,0%,0,0.005
Void seal#(3), Members,0,0,0,0,0,1,1,1,1,1,0,0,0%,0,0.005
Void seal#(4), Members,0,0,0,0,0,1,1,1,1,1,0,0,0%,0,0.005
Void seal#(5), Members,0,0,0,0,0,1,1,1,1,1,0,0,0%,0,0.005
Void seal#(6), Members,0,0,0,0,0,1,1,1,1,1,0,0,0%,0,0.005
Void seal#(7), Members,0,0,0,0,0,1,1,1,1,1,0,0,0%,0,0.005
Void seal#(8), Members,0,0,0,0,0,1,1,1,1,1,0,0,0%,0,0.005
Witchwood icon, Members,0,0,0,1,0,0,0,0,0,0,0,0,0%,1,0.007
Woolly scarf, Free-to-play,0,0,0,0,0,0,0,0,0,0,0,0,0%,0,0.25
Xeric's talisman#Charged, Members,0,0,0,3,0,0,0,0,1,0,0,0,0%,0,0.06
Xeric's talisman#Inert, Members,0,0,0,2,0,0,0,0,0,0,0,0,0%,0,0.06
Yin yang amulet, Free-to-play,0,0,0,0,0,0,0,0,0,0,0,0,0%,0,0.001
Zamorak stole, Members,0,0,0,2,0,0,0,0,2,0,0,0,0%,10,0.01
Zenyte amulet, Members,0,0,0,0,0,0,0,0,0,0,0,0,0%,0,0.01
Zenyte necklace, Members,0,0,0,0,0,0,0,0,0,0,0,0,0%,0,0.01
